"Timestamp","Full name","Computer number","The group you were in last year"
"2023/03/09 10:15:05 am EET","ivwananji simbule ","2020075674","2"
"2023/03/09 10:15:05 am EET","Waza macdonald banda ","2020010593","2"
"2023/03/09 10:15:16 am EET","Gabriel Banda","2020060574","2"
"2023/03/09 10:15:18 am EET","Alexander Chansa ","2020084988","2"
"2023/03/09 10:15:19 am EET","Sakala Patrick Tumbwe","2020046334","2"
"2023/03/09 10:15:23 am EET","Mwezi Imukusi","2020071916","1"
"2023/03/09 10:15:26 am EET","Nebert Hampako","2017008374","2"
"2023/03/09 10:15:54 am EET","Mupelwa Chama ","2020044625","1"
"2023/03/09 10:16:24 am EET","Edward Kabemba ","2020965178","2"
"2023/03/09 10:16:31 am EET","Christopher Beza ","2020063468","1"
"2023/03/09 10:16:31 am EET","Brenda Mambwe","2019106744","2"
"2023/03/09 10:16:42 am EET","Luyando Pongolani ","2020991578","1"
"2023/03/09 10:17:59 am EET","Aaron Mbuzi","2020208101","1"
"2023/03/09 10:19:04 am EET","Linda Malata ","2020078906","2"
"2023/03/09 10:19:31 am EET","Simon Cheche ","2020207269","1"
"2023/03/09 10:20:49 am EET","Chomba Masase","2020964040","1"
"2023/03/09 10:21:12 am EET","Muuka Kabwali","2020063221","2"
"2023/03/09 10:21:38 am EET","Trust Nachokwe ","2020019027","2"
"2023/03/09 10:23:41 am EET","Didiana Kalobwe ","2020061201","1"
"2023/03/09 10:27:30 am EET","Lwaano","2020778912","1"
"2023/03/09 10:27:55 am EET","PATRICK LUNGU","2020961539","2"
"2023/03/09 10:28:35 am EET","Chilatu Gabriel Sinkala","2020070308","2"
"2023/03/09 10:29:06 am EET","Tom chileshe","2020003783","2"
"2023/03/09 10:29:54 am EET","Clementina Niyinagira ","2020214582","1"
"2023/03/09 10:30:03 am EET","Moses Simataa","2020061104","1"
"2023/03/09 10:30:04 am EET","Blessings Mwandira ","2020017679","1"
"2023/03/09 10:30:53 am EET","Phiri Robert ","2020778726","1"
"2023/03/09 10:32:12 am EET","Paul Kunda ","2020544348","2"
"2023/03/09 10:32:49 am EET","Musengah Nyondo ","2020991411","1"
"2023/03/09 10:34:20 am EET","Mogusu Kerini","2021540294","1"
"2023/03/09 10:35:03 am EET","Newton Nyawali","2020964333","2"
"2023/03/09 10:35:35 am EET","Mwansa Mwelwa ","2020056861","2"
"2023/03/09 10:39:14 am EET","Gain Nambeye","2020065746","2"
"2023/03/09 10:40:06 am EET","MOSES SIAME ","2020907551","1"
"2023/03/09 10:47:02 am EET","Revelation Bishonga","2020301928","1"
"2023/03/09 10:47:42 am EET","Abel Malusa ","2020042410","2"
"2023/03/09 10:50:07 am EET","Brandon Ng'andu ","2020900882","2"
"2023/03/09 10:50:39 am EET","Sepiso Mwiya ","2020027909","2"
"2023/03/09 10:52:02 am EET","Fidelis Musamba","2020053543","1"
"2023/03/09 10:55:50 am EET","Kelly Musonda","2020905337","1"
"2023/03/09 10:56:16 am EET","Hassan phiri ","2020208757","1"
"2023/03/09 11:00:14 am EET","David muswaba ","2020904802","1"
"2023/03/09 11:04:44 am EET","Twaambo Lwiindi","2020080602","1"
"2023/03/09 11:08:05 am EET","Cossam soko ","2020990849","2"
"2023/03/09 11:12:27 am EET","JAMES MWANZA","2020065991","2"
"2023/03/09 11:20:49 am EET","Emmanuel Kupuzo Olisaemelie Godfrey","2021529355","2"
"2023/03/09 11:25:12 am EET","Tatenda Maninge ","2020087372","1"
"2023/03/09 11:32:14 am EET","Abel Somili ","2020065797","1"
"2023/03/09 11:36:47 am EET","Aaron Mapara","2020209207","2"
"2023/03/09 11:41:29 am EET","Musonda Katongo ","2020583969","1"
"2023/03/09 11:45:50 am EET","Hudson Ngwenya Matakala","2020046750","1"
"2023/03/09 11:48:31 am EET","Daliso Rumbi Miti","2021538095","1"
"2023/03/09 11:50:23 am EET","Gift kanzoto goma","2019051621","2"
"2023/03/09 11:53:57 am EET","Emmanuel Chisoya","2020058278","2"
"2023/03/09 11:57:07 am EET","Patrick Mwale ","2020036622","1"
"2023/03/09 12:08:59 pm EET","Jonathan Phiri","2020045958","1"
"2023/03/09 12:22:57 pm EET","BRIGHT MUSONGO","2020023245","1"
"2023/03/09 12:27:17 pm EET","Thando Tembo ","2020070693","1"
"2023/03/09 1:00:16 pm EET","Luyando Theophilus Nyirenda ","2020075794","2"
"2023/03/09 1:50:34 pm EET","Anthoneitty mizinga","2020036550","2"
"2023/03/09 3:42:50 pm EET","PUMULO MUFALALI","2020011638","1"
"2023/03/09 9:29:27 pm EET","Bwezani Kanyimbi ","2020961229","Not assigned"
"2023/03/09 9:31:15 pm EET","Chela Maivune ","2020998408","1"
"2023/03/09 11:09:51 pm EET","Felix Simpemba ","2020964635","2"
"2023/03/10 9:57:11 am EET","Chansa Mwita","2020000342","2"
"2023/03/10 2:57:48 pm EET","Evans Mumba","2019066645","Not assigned"
"2023/03/16 9:54:49 am EET","Mwiza Chiwale","2020010470","1"